"function Moneda(evt) { //var nav4 = window.event ? true : false; var key = window.event.keyCode; return (key <= 13 || (key >= 48 && key <= 57) || key == 46); } function soloNumeros(evt) { // var nav4 = window.event ? true : false; var key = window.event.keyCode; // alert(""Has pulsado una tecla "" + String(key)); return (key <= 13 || (key >= 48 && key <= 57)); } function soloLetras(evt) { //var nav4 = window.event ? true : false; var key = window.event.keyCode; return (key <= 13 || (key >= 65 && key <= 90) || (key >= 97 && key <= 122)); } function AlphaNumeric(evt) { //var nav4 = window.event ? true : false; var key = window.event.keyCode; return (key <= 13 || key <= 44 || key <= 45 || key <= 46 || key <= 95 || key <= 32 || key <= 34 || (key >= 48 && key <= 57) || (key >= 65 && key <= 90) || (key >= 97 && key <= 122) || key == 241 || key == 209 || key == 193 || key == 201 || key == 205 || key == 211 || key == 218); } function PruebaTeclado() { var key = window.event.keyCode; //codigo de tecla. // alert(""Has pulsado una tecla""); switch (key) { //case 112: window.location=""www.url_para_F1.com""; break; case 113: //alert('F2 presionado'); var Argumentos = ''; var ran = Math.random() * 4; var ConfiguracionPagina = 'center:yes;resizable:no;help:no;status:no;dialogWidth:750px;dialogHeight:450px'; var Pagina = 'Busqueda.aspx?rn=' + ran; Argumentos = window.showModalDialog(Pagina, Argumentos, ConfiguracionPagina); // if(Argumentos == null) // { // mandamos un mensaje // window.alert('No se devolvio ninguna valor!'); // } // else // { //quiere decir que se ha devuelto una lista de contactos // // asi que recuperamos la informacion enviada // document.getElementById('txtCodRegreso').value = Argumentos; // //document.getElementById('TextBox2').value = Argumentos[1]; // } // window.open(""Busqueda.aspx"",""Busqueda"",""width=750,height=450,toolbar=no,location=no,directories=no,status=no,menubar=no, scrollbars=yes,resizable=yes,copyhistory=no""); form1.btnAgregarRamEns.click(); //form1.Button1.click(); break; //case 113: window.location=""www.url_para_F2.com""; break; //case 114: window.location=""www.url_para_F3.com""; break; //etc, etc... } return false; } function CallPrint(strid) { var prtContent = document.getElementById('_ctl0_ContentPlaceHolder1_reporte'); var WinPrint = window.open('', '', 'letf=100,top=100,width=1,height=1,toolbar=0,scrollbars=0,status=0'); WinPrint.document.write(prtContent.innerHTML); WinPrint.document.close(); WinPrint.focus(); WinPrint.print(); WinPrint.close(); } window.dataLayer = window.dataLayer || []; function gtag() { dataLayer.push(arguments); } gtag('js', new Date()); gtag('config', 'G-9T9RDYGCX9'); //",,,,,,,,,,,,,,,,,,,
,  [ e-Servicios ]   ,,,,,,,,,,,,,,,,,,
,Bsqueda de centros educativos autorizados por el Mineduc y carreras que pueden impartir.,,,,,,,,,,,,,,,,,,
,,,,,,,,,,,,,,,,,,,
,,,,,,,,,,,,,,,,,,,
       ,,,,,,,,,,,,,,,,,,,
Importante:,,,,,,,,,,,,,,,,,,,
,,,,,,,,,,,,,,,,,,,
"Para una mejor bsqueda puede seleccionar el departamento y municipio, con base a la ubicaci󮠤el centro educativo, ingresando el c󤩧o del establecimiento separado por guiones o el nombre completo o parte de 鬮",,,,,,,,,,,,,,,,,,,
"Un centro educativo puede contar con uno o m᳠c󤩧os de acuerdo con los servicios educativos autorizados (nivel, plan o jornada).",,,,,,,,,,,,,,,,,,,
"Las carreras pueden visualizarse nicamente en los c󤩧os de centros educativos que tienen autorizado el Nivel de Educaci󮠍edia, Ciclo de Educaci󮠄iversificada.",,,,,,,,,,,,,,,,,,,
Para visualizar las carreras autorizadas a un centro educativo seleccione el Nivel Escolar: Diversificado.,,,,,,,,,,,,,,,,,,,
,,,,,,,,,,,,,,,,,,,
,,,,,,,,,,,,,,,,,,,
,,,,,,,,,,,,,,,,,,,
Departamento,Municipio,,,,,,,,,,,,,,,,,,
SELECCIONE UNO ALTA VERAPAZ BAJA VERAPAZ CHIMALTENANGO CHIQUIMULA CIUDAD CAPITAL EL PROGRESO ESCUINTLA GUATEMALA HUEHUETENANGO IZABAL JALAPA JUTIAPA PETEN QUETZALTENANGO QUICHE RETALHULEU SACATEPEQUEZ SAN MARCOS SANTA ROSA SOLOLA SUCHITEPEQUEZ TOTONICAPAN ZACAPA,TODOS CAMOTAN CHIQUIMULA CONCEPCION LAS MINAS ESQUIPULAS IPALA JOCOTAN OLOPA QUEZALTEPEQUE SAN JACINTO SAN JOSE LA ARADA SAN JUAN ERMITA,,,,,,,,,,,,,,,,,,
Nivel Escolar  TODOS BASICO DIVERSIFICADO PARVULOS PREPRIMARIA BILINGUE PRIMARIA PRIMARIA DE ADULTOS,,,,,,,,,,,,,,,,,,,
Sector TODOS OFICIAL PRIVADO MUNICIPAL COOPERATIVA,,,,,,,,,,,,,,,,,,,
Plan,Modalidad,,,,,,,,,,,,,,,,,,
TODOS DIARIO(REGULAR) SABATINO DOMINICAL FIN DE SEMANA IRREGULAR MIXTO A DISTANCIA,TODOS MONOLINGUE BILINGUE,,,,,,,,,,,,,,,,,,
C󤩧o (##-##-####-##),,,,,,,,,,,,,,,,,,,
Nombre,,,,,,,,,,,,,,,,,,,
Direcci󮍊,,,,,,,,,,,,,,,,,,,
  ,,,,,,,,,,,,,,,,,,,
,,,,,,,,,,,,,,,,,,,
,,,,,,,,,,,,,,,,,,,
CODIGO,,DISTRITO,DEPARTAMENTO,MUNICIPIO,ESTABLECIMIENTO,DIRECCION,TELEFONO,SUPERVISOR,DIRECTOR,NIVEL,SECTOR,AREA,STATUS,MODALIDAD,JORNADA,PLAN,DEPARTAMENTAL,,
20-01-0024-46,,20-001,CHIQUIMULA,CHIQUIMULA,ESCUELA DE CIENCIAS COMERCIALES NOCTURNA,10A. AVENIDA 3-71 ZONA 1,79422150,CESAR ADALBERTO NOGUERA JACOME,HɃTOR ALIDIO CERON BRENES,DIVERSIFICADO,OFICIAL,URBANA,ABIERTA,MONOLINGUE,NOCTURNA,DIARIO(REGULAR),CHIQUIMULA,,
20-01-0029-46,,20-001,CHIQUIMULA,CHIQUIMULA,INSTITUTO DIVERSIFICADO ADS. AL INEB 'DR. DAVID GUERRA GUZMAN',2A CALLE ENTRE 11 Y 12 AVENIDAS ZONA 1,79420395,CESAR ADALBERTO NOGUERA JACOME,ROMEO RIVERA CHACӎ,DIVERSIFICADO,OFICIAL,URBANA,ABIERTA,MONOLINGUE,VESPERTINA,DIARIO(REGULAR),CHIQUIMULA,,
20-01-0030-46,,20-001,CHIQUIMULA,CHIQUIMULA,ESCUELA NACIONAL DE MAESTROS DE EDUCACION MUSICAL PEM OSCAR AUGUSTO MATEO MORALES,2A CALLE Y 12 AVENIDA ZONA 1,41942927,CESAR ADALBERTO NOGUERA JACOME,JOSɠVICENTE REYES SOL͓,DIVERSIFICADO,OFICIAL,URBANA,ABIERTA,MONOLINGUE,NOCTURNA,DIARIO(REGULAR),CHIQUIMULA,,
20-01-0031-46,,20-024,CHIQUIMULA,CHIQUIMULA,ESCUELA SECUNDARIA PRIVADA MIXTA DE ORIENTE -ESDEO-,2A CALLE 4-40 ZONA 1,79420290,SILVIA MARILENA BUEZO MARTINEZ,ERWIN LEONEL COLINDRES MONROY,DIVERSIFICADO,PRIVADO,URBANA,ABIERTA,MONOLINGUE,VESPERTINA,DIARIO(REGULAR),CHIQUIMULA,,
20-01-0032-46,,20-024,CHIQUIMULA,CHIQUIMULA,"COLEGIO EVANGɌICO MIXTO ""AMIGOS""",10MA AVENIDA 5-38 ZONA 1,79420116,SILVIA MARILENA BUEZO MARTINEZ,ROXANA LISBETH URRUTIA PINTO,DIVERSIFICADO,PRIVADO,URBANA,ABIERTA,MONOLINGUE,VESPERTINA,DIARIO(REGULAR),CHIQUIMULA,,
20-01-0033-46,,20-027,CHIQUIMULA,CHIQUIMULA,INSTITUTO TECNOLOGICO PRIVADO DE ORIENTE,4TA. AVENIDA 4-20 ZONA 1,79425959,SILVIA MARILENA BUEZO MARTINEZ,SALOMON ELIASIB ALVAREZ CORDӎ,DIVERSIFICADO,PRIVADO,URBANA,ABIERTA,MONOLINGUE,DOBLE,DIARIO(REGULAR),CHIQUIMULA,,
20-01-0034-46,,20-001,CHIQUIMULA,CHIQUIMULA,INSTITUTO NORMAL PARA SEяRITAS DE ORIENTE,4A. CALLE 6-00 ZONA 1,59799216,CESAR ADALBERTO NOGUERA JACOME,MIRNA ELIZABETH QUIROA LӐEZ,DIVERSIFICADO,OFICIAL,URBANA,ABIERTA,MONOLINGUE,MATUTINA,DIARIO(REGULAR),CHIQUIMULA,,
20-01-0036-46,,20-001,CHIQUIMULA,CHIQUIMULA,INSTITUTO NORMAL PARA VARONES DE ORIENTE,6A AVE. 4-10 ZONA 1,79420425,CESAR ADALBERTO NOGUERA JACOME,BALVINO CHACӎ PɒEZ,DIVERSIFICADO,OFICIAL,URBANA,ABIERTA,MONOLINGUE,MATUTINA,DIARIO(REGULAR),CHIQUIMULA,,
20-01-0038-46,,20-027,CHIQUIMULA,CHIQUIMULA,"""LICEO LA SALLE""",6A CALLE 3-61 ZONA 1,79420328,SILVIA MARILENA BUEZO MARTINEZ,JUAN MODESTO SICAY TӃ,DIVERSIFICADO,PRIVADO,URBANA,ABIERTA,MONOLINGUE,MATUTINA,DIARIO(REGULAR),CHIQUIMULA,,
20-01-0040-46,,20-024,CHIQUIMULA,CHIQUIMULA,COLEGIO PRIVADO MIXTO 'SAGRADA FAMILIA',6A AVE. 5-68 ZONA 1,79420232,SILVIA MARILENA BUEZO MARTINEZ,DMARYS JUDITH D́Z TEJADA,DIVERSIFICADO,PRIVADO,URBANA,ABIERTA,MONOLINGUE,MATUTINA,DIARIO(REGULAR),CHIQUIMULA,,
20-01-0041-46,,99-001,CHIQUIMULA,CHIQUIMULA,INSTITUTO MODERNO CHIQUIMULTECO,CALLE HUGO LEONEL BACARO 9-30 ZONA 1,,SILVIA EUGENIA VALDEZ MONTERROSO DE CARBALLO,,DIVERSIFICADO,PRIVADO,URBANA,ABIERTA,MONOLINGUE,VESPERTINA,DIARIO(REGULAR),CHIQUIMULA,,
20-01-0164-46,,20-027,CHIQUIMULA,CHIQUIMULA,INSTITUTO TECNOLOGICO PRIVADO DE ORIENTE,4TA. AVENIDA 4-20 ZONA 1,79422349,SILVIA MARILENA BUEZO MARTINEZ,SALOMON ELIASIB ALVAREZ CORDӎ,DIVERSIFICADO,PRIVADO,URBANA,ABIERTA,MONOLINGUE,DOBLE,FIN DE SEMANA,CHIQUIMULA,,
20-01-0176-46,,20-024,CHIQUIMULA,CHIQUIMULA,COLEGIO PRIVADO MIXTO BENDICION,4A. CALLE A 13-25 ZONA 1,41007884,SILVIA MARILENA BUEZO MARTINEZ,AXEL YOVANY VILLELA MONROY,DIVERSIFICADO,PRIVADO,URBANA,ABIERTA,MONOLINGUE,DOBLE,FIN DE SEMANA,CHIQUIMULA,,
20-01-0179-46,,20-024,CHIQUIMULA,CHIQUIMULA,COLEGIO EVANGELICO MIXTO ADONAI,8A. AVENIDA 4-40 ZONA 1,79424111,SILVIA MARILENA BUEZO MARTINEZ,MERARI JASM͎ DE LEӎ CARRILLO,DIVERSIFICADO,PRIVADO,URBANA,ABIERTA,MONOLINGUE,DOBLE,FIN DE SEMANA,CHIQUIMULA,,
20-01-0181-46,,20-024,CHIQUIMULA,CHIQUIMULA,LICEO SAN PABLO,2A. CALLE 4-40 ZONA 1,79421747,SILVIA MARILENA BUEZO MARTINEZ,EDGAR RENE ANDRADE SAENZ,DIVERSIFICADO,PRIVADO,URBANA,ABIERTA,MONOLINGUE,MATUTINA,DIARIO(REGULAR),CHIQUIMULA,,
20-01-0184-46,,20-027,CHIQUIMULA,CHIQUIMULA,COLEGIO PRIVADO MIXTO SABIDURIA,2DA. CALLE 4-40 ZONA 1,,SILVIA MARILENA BUEZO MARTINEZ,JOSE LUIS LOPEZ PERALTA,DIVERSIFICADO,PRIVADO,URBANA,ABIERTA,MONOLINGUE,DOBLE,FIN DE SEMANA,CHIQUIMULA,,
20-01-0197-46,,20-027,CHIQUIMULA,CHIQUIMULA,COLEGIO SUPERIOR DE INFORMATICA HIGA,1RA. CALLE 5-61 ZONA 2,44043628,SILVIA MARILENA BUEZO MARTINEZ,KOKMAN ANGEL CHANG BARELA,DIVERSIFICADO,PRIVADO,URBANA,ABIERTA,MONOLINGUE,DOBLE,FIN DE SEMANA,CHIQUIMULA,,
20-01-0198-46,,20-027,CHIQUIMULA,CHIQUIMULA,COLEGIO MIXTO EN TECNOLOGIA LATINOAMERICANO,3RA. AVENIDA 4-49 ZONA 1,41795225,SILVIA MARILENA BUEZO MARTINEZ,JAQUELINE EDITH SANTIAGO RAMOS,DIVERSIFICADO,PRIVADO,URBANA,ABIERTA,MONOLINGUE,MATUTINA,DIARIO(REGULAR),CHIQUIMULA,,
20-01-0204-46,,20-027,CHIQUIMULA,CHIQUIMULA,INSTITUTO TECNOLOGICO PRIVADO DE ORIENTE,4A. AVENIDA 4-20 ZONA 1,79425959,SILVIA MARILENA BUEZO MARTINEZ,SALOMON ELIASIB ALVAREZ CORDӎ,DIVERSIFICADO,PRIVADO,URBANA,ABIERTA,MONOLINGUE,MATUTINA,DIARIO(REGULAR),CHIQUIMULA,,
20-01-0205-46,,20-027,CHIQUIMULA,CHIQUIMULA,CENTRO EDUCATIVO INTEGRAL CASA DEL ALFARERO,14 AVENIDA 5-23 ZONA 7 COLONIA SHOROPIN,37590030,SILVIA MARILENA BUEZO MARTINEZ,KATHERINE JAZMIN GREGORIO,DIVERSIFICADO,PRIVADO,URBANA,ABIERTA,MONOLINGUE,MATUTINA,DIARIO(REGULAR),CHIQUIMULA,,
20-01-0207-46,,20-027,CHIQUIMULA,CHIQUIMULA,COLEGIO SUPERIOR DE INFORMTICA HIGA,1A. CALLE 5-61 ZONA 2,44043628,SILVIA MARILENA BUEZO MARTINEZ,MARLENI ELIZABETH SALVADOR LӐEZ,DIVERSIFICADO,PRIVADO,URBANA,ABIERTA,MONOLINGUE,DOBLE,DIARIO(REGULAR),CHIQUIMULA,,
20-01-0213-46,,20-024,CHIQUIMULA,CHIQUIMULA,LICEO ISRAELͼ/td>,5A. CALLE 4-11 ZONA 1,79422500,SILVIA MARILENA BUEZO MARTINEZ,GLADYS EUGENIA RODR͇UEZ RAM͒EZ,DIVERSIFICADO,PRIVADO,URBANA,ABIERTA,MONOLINGUE,MATUTINA,DIARIO(REGULAR),CHIQUIMULA,,
20-01-0221-46,,20-024,CHIQUIMULA,CHIQUIMULA,ESCUELA SECUNDARIA PRIVADA MIXTA DE ORIENTE -ESDEO-,2DA. CALLE 4-40 ZONA 1,79420290,SILVIA MARILENA BUEZO MARTINEZ,ERWIN LEONEL COLINDRES MONROY,DIVERSIFICADO,PRIVADO,URBANA,ABIERTA,MONOLINGUE,DOBLE,DIARIO(REGULAR),CHIQUIMULA,,
20-01-0232-46,,20-024,CHIQUIMULA,CHIQUIMULA,COLEGIO BILING܅ MI PEQUEя MUNDO (MY SMALL WORLD BILINGUAL SCHOOL),8VA. AVENIDA SUR FINAL 1-18 ZONA 4,79425429,SILVIA MARILENA BUEZO MARTINEZ,ANGɌICA MAŔ MEJ́ MORATAYA,DIVERSIFICADO,PRIVADO,URBANA,ABIERTA,MONOLINGUE,MATUTINA,DIARIO(REGULAR),CHIQUIMULA,,
20-01-0235-46,,20-027,CHIQUIMULA,CHIQUIMULA,COLEGIO MIXTO EN TECNOLOǴ LATINOAMERICANO,3RA. AVENIDA 4-49 ZONA 1,41795225,SILVIA MARILENA BUEZO MARTINEZ,JAQUELINE EDITH SANTIAGO RAMOS,DIVERSIFICADO,PRIVADO,URBANA,ABIERTA,MONOLINGUE,DOBLE,FIN DE SEMANA,CHIQUIMULA,,
20-01-0245-46,,20-024,CHIQUIMULA,CHIQUIMULA,"LICEO TEC, TECNOLӇICO, EXPERIMENTAL Y CIENT͆ICO","CALZADA HɃTOR AUGUSTO ESPAс BRACAMONTE, LOTE # 25 ZONA 2",58123452,SILVIA MARILENA BUEZO MARTINEZ,ROSA YESSENIA PACHECO DE FRANCO,DIVERSIFICADO,PRIVADO,URBANA,ABIERTA,MONOLINGUE,MATUTINA,DIARIO(REGULAR),CHIQUIMULA,,
20-01-0250-46,,20-030,CHIQUIMULA,CHIQUIMULA,CENTRO DE EDUCACIӎ EXTRAESCOLAR -CEEX- GRUPO CEIBA,"2DA. AVENIDA Y 5TA. CALLE ESQUINA ZONA 1, LA PILONA BARRIO LA DEMOCRACIA",42415701,VILMA ESPERANZA LOPEZ INTERIANO,DONALDO ENRIQUE SEGURA FRANCO,DIVERSIFICADO,OFICIAL,URBANA,ABIERTA,MONOLINGUE,DOBLE,FIN DE SEMANA,CHIQUIMULA,,
20-01-0251-46,,20-030,CHIQUIMULA,CHIQUIMULA,CENTRO DE EDUCACIӎ EXTRAESCOLAR -CEEX- COFIя STAHL,ALDEA EL DURAZNO,55543693,VILMA ESPERANZA LOPEZ INTERIANO,RHOBBIN ALEXANDER ESQUIVEL CCERES,DIVERSIFICADO,OFICIAL,RURAL,ABIERTA,MONOLINGUE,DOBLE,FIN DE SEMANA,CHIQUIMULA,,
20-01-0255-46,,20-030,CHIQUIMULA,CHIQUIMULA,CENTRO DE EDUCACIӎ EXTRAESCOLAR -CEEX- FUNCAFE,6TA AVENIDA Y 4TA. CALLE ZONA 1,31712671,VILMA ESPERANZA LOPEZ INTERIANO,ERIKA JULISA OLIVA DUARTE,DIVERSIFICADO,OFICIAL,URBANA,ABIERTA,MONOLINGUE,DOBLE,FIN DE SEMANA,CHIQUIMULA,,
20-01-0256-46,,20-030,CHIQUIMULA,CHIQUIMULA,PROGRAMA NACIONAL DE EDUCACIӎ ALTERNATIVA PRONEA,8VA. AVENIDA 6-60 ZONA 1,40104955,VILMA ESPERANZA LOPEZ INTERIANO,VILMA ESPERANZA LӐEZ INTERIANO,DIVERSIFICADO,OFICIAL,URBANA,ABIERTA,MONOLINGUE,DOBLE,A DISTANCIA,CHIQUIMULA,,
20-01-0257-46,,20-030,CHIQUIMULA,CHIQUIMULA,CENTRO DE EDUCACIӎ EXTRAESCOLAR -CEEX- DEPARTAMENTAL,8VA. AVENIDA 6-60 ZONA 1,56170043,VILMA ESPERANZA LOPEZ INTERIANO,ANGEL OSIEL BORJA PASCUAL,DIVERSIFICADO,OFICIAL,URBANA,ABIERTA,MONOLINGUE,DOBLE,SEMIPRESENCIAL,CHIQUIMULA,,
20-01-0309-46,,20-024,CHIQUIMULA,CHIQUIMULA,COLEGIO PRIVADO MIXTO BENDICIӎ,"4 CALLE A 13-25, ZONA 1",41007884,SILVIA MARILENA BUEZO MARTINEZ,AXEL YOVANY VILLELA MONROY,DIVERSIFICADO,PRIVADO,URBANA,ABIERTA,MONOLINGUE,SIN JORNADA,SEMIPRESENCIAL (UN D́ A LA SEMANA),CHIQUIMULA,,
20-01-0311-46,,20-024,CHIQUIMULA,CHIQUIMULA,COLEGIO EVANGɌICO MIXTO ADONAI,8VA. AVENIDA 4-40 ZONA 1,79424111,SILVIA MARILENA BUEZO MARTINEZ,MERARI JASM͎ DE LEӎ CARRILLO,DIVERSIFICADO,PRIVADO,URBANA,ABIERTA,MONOLINGUE,SIN JORNADA,SEMIPRESENCIAL (UN D́ A LA SEMANA),CHIQUIMULA,,
20-01-0313-46,,20-027,CHIQUIMULA,CHIQUIMULA,COLEGIO MIXTO EN TECNOLOǴ LATINOAMERICANO,3RA. AVENIDA 4-49 ZONA 1,41795225,SILVIA MARILENA BUEZO MARTINEZ,JAQUELINE EDITH SANTIAGO RAMOS,DIVERSIFICADO,PRIVADO,URBANA,ABIERTA,MONOLINGUE,SIN JORNADA,SEMIPRESENCIAL (UN D́ A LA SEMANA),CHIQUIMULA,,
20-01-0315-46,,20-027,CHIQUIMULA,CHIQUIMULA,INSTITUTO TECNOLӇICO PRIVADO DE ORIENTE,4TA. AVENIDA 4-20 ZONA 1,79421528,SILVIA MARILENA BUEZO MARTINEZ,SALOMON ELIASIB ALVAREZ CORDӎ,DIVERSIFICADO,PRIVADO,URBANA,ABIERTA,MONOLINGUE,SIN JORNADA,SEMIPRESENCIAL (UN D́ A LA SEMANA),CHIQUIMULA,,
20-01-0317-46,,20-027,CHIQUIMULA,CHIQUIMULA,COLEGIO SUPERIOR DE INFORMTICA HIGA,1A. CALLE 5-62 ZONA 2,53947190,SILVIA MARILENA BUEZO MARTINEZ,KOKMAN ANGEL CHANG BARELA,DIVERSIFICADO,PRIVADO,URBANA,ABIERTA,MONOLINGUE,SIN JORNADA,SEMIPRESENCIAL (UN D́ A LA SEMANA),CHIQUIMULA,,
20-01-0323-46,,20-024,CHIQUIMULA,CHIQUIMULA,"LICEO TEC, TECNOLӇICO, EXPERIMENTAL Y CIENT͆ICO",CALZADA HɃTOR AUGUSTO ESPAс BRACAMONTE LOTE # 25 ZONA 2,58123452,SILVIA MARILENA BUEZO MARTINEZ,ROSA YESSENIA PACHECO DE FRANCO,DIVERSIFICADO,PRIVADO,URBANA,ABIERTA,MONOLINGUE,DOBLE,DIARIO(REGULAR),CHIQUIMULA,,
20-01-0324-46,,20-027,CHIQUIMULA,CHIQUIMULA,COLEGIO PRIVADO MIXTO DIVINA MISERICORDIA,"6TA. CALLE PONIENTE ZONA 4, BARRIO EL MOLINO",55974817,SILVIA MARILENA BUEZO MARTINEZ,FRANCISCA LINARES RIVERA,DIVERSIFICADO,PRIVADO,URBANA,ABIERTA,MONOLINGUE,VESPERTINA,DIARIO(REGULAR),CHIQUIMULA,,
20-01-0326-46,,20-001,CHIQUIMULA,CHIQUIMULA,ESCUELA NORMAL INTERCULTURAL,10 AVENIDA 3-71 ZONA 1,79427427,CESAR ADALBERTO NOGUERA JACOME,WENDY MARLENY ROQUE VARGAS,DIVERSIFICADO,OFICIAL,URBANA,ABIERTA,MONOLINGUE,MATUTINA,DIARIO(REGULAR),CHIQUIMULA,,
20-01-0327-46,,20-001,CHIQUIMULA,CHIQUIMULA,INSTITUTO NORMAL PARA VARONES DE ORIENTE,6A. AVENIDA 4-10 ZONA 1,79420425,CESAR ADALBERTO NOGUERA JACOME,BALVINO CHACӎ PɒEZ,DIVERSIFICADO,OFICIAL,URBANA,ABIERTA,MONOLINGUE,DOBLE,DIARIO(REGULAR),CHIQUIMULA,,
20-01-1613-46,,20-027,CHIQUIMULA,CHIQUIMULA,COLEGIO SUPERIOR DE INFORMATICA HIGA,1A. CALLE 5-61 ZONA 2,44043628,SILVIA MARILENA BUEZO MARTINEZ,OLGA MARINA MɎDEZ LӐEZ,DIVERSIFICADO,PRIVADO,URBANA,ABIERTA,MONOLINGUE,MATUTINA,DIARIO(REGULAR),CHIQUIMULA,,
20-01-1846-46,,20-001,CHIQUIMULA,CHIQUIMULA,ESCUELA NORMAL INTERCULTURAL,10A. AVENIDA 3-71 ZONA 1,79427427,CESAR ADALBERTO NOGUERA JACOME,WENDY MARLENY ROQUE VARGAS,DIVERSIFICADO,OFICIAL,URBANA,ABIERTA,MONOLINGUE,DOBLE,DIARIO(REGULAR),CHIQUIMULA,,
20-01-2089-46,,20-024,CHIQUIMULA,CHIQUIMULA,COLEGIO EVANGELICO MIXTO ADONAI,8A. AVENIDA 4-40 ZONA 1,79424111,SILVIA MARILENA BUEZO MARTINEZ,MERARI JASM͎ DE LEӎ CARRILLO,DIVERSIFICADO,PRIVADO,URBANA,ABIERTA,MONOLINGUE,MATUTINA,DIARIO(REGULAR),CHIQUIMULA,,
20-02-0010-46,,20-034,CHIQUIMULA,SAN JOSE LA ARADA,INSTITUTO MIXTO DE EDUCACION DIVERSIFICADA POR COOPERATIVA DE ENSEсNZA,COLONIA LAS BRISAS,51309580,BYRON HORACIO SARCEя ZEPEDA,LUDEK ABDEL ROSALES ESQUIVEL,DIVERSIFICADO,COOPERATIVA,URBANA,ABIERTA,MONOLINGUE,VESPERTINA,DIARIO(REGULAR),CHIQUIMULA,,
20-02-0012-46,,20-030,CHIQUIMULA,SAN JOSE LA ARADA,CENTRO DE EDUCACIӎ EXTRAESCOLAR -CEEX- FUNCAFE,ALDEA SASPN,42580713,VILMA ESPERANZA LOPEZ INTERIANO,KATHLEEN GUEYLIN SAGASTUME GUERRA,DIVERSIFICADO,OFICIAL,RURAL,ABIERTA,MONOLINGUE,DOBLE,FIN DE SEMANA,CHIQUIMULA,,
20-03-0001-46,,20-003,CHIQUIMULA,SAN JUAN ERMITA,INSTITUTO DIVERSIFICADO MUNICIPAL DE SAN JUAN ERMITA,BARRIO SAN PEDRITO,51989697,BLANCA ROSA MORALES DE GUTIERREZ,HENRY ARTURO JORDN GUERRA,DIVERSIFICADO,MUNICIPAL,URBANA,ABIERTA,MONOLINGUE,VESPERTINA,DIARIO(REGULAR),CHIQUIMULA,,
20-03-0035-46,,20-030,CHIQUIMULA,SAN JUAN ERMITA,CENTRO DE EDUCACIӎ EXTRAESCOLAR -CEEX- FUNCAFE,ALDEA CHISPN JARAL,33874323,VILMA ESPERANZA LOPEZ INTERIANO,EDRAS JEREḾS GUERRA ALONZO,DIVERSIFICADO,OFICIAL,RURAL,ABIERTA,MONOLINGUE,DOBLE,FIN DE SEMANA,CHIQUIMULA,,
20-03-0073-46,,20-003,CHIQUIMULA,SAN JUAN ERMITA,INSTITUTO NACIONAL DE EDUCACIӎ DIVERSIFICADA,BARRIO SAN PEDRITO,55223225,BLANCA ROSA MORALES DE GUTIERREZ,PABLO MAURICIO COMP`,DIVERSIFICADO,OFICIAL,URBANA,ABIERTA,MONOLINGUE,VESPERTINA,DIARIO(REGULAR),CHIQUIMULA,,
20-04-0065-46,,20-004,CHIQUIMULA,JOCOTAN,COLEGIO CENTRO CULTURAL CAMPO REAL,BARRIO SAN LORENZO,79465751,SERGIO ESTUARDO MEDINA GUDIEL,GLORIA ESTELA GUERRA GUTIɒREZ,DIVERSIFICADO,PRIVADO,URBANA,ABIERTA,MONOLINGUE,VESPERTINA,DIARIO(REGULAR),CHIQUIMULA,,
20-04-0097-46,,20-004,CHIQUIMULA,JOCOTAN,INSTITUTO TECNOLӇICO OFICIAL DE LA MANCOMUNIDAD CHORTI,BARRIO SAN LORENZO,79465395,SERGIO ESTUARDO MEDINA GUDIEL,ISIS MODESTA URRUTIA SANDOVAL,DIVERSIFICADO,OFICIAL,URBANA,ABIERTA,MONOLINGUE,MATUTINA,DIARIO(REGULAR),CHIQUIMULA,,
20-04-0104-46,,20-043,CHIQUIMULA,JOCOTAN,COLEGIO PRIVADO MIXTO POR MADUREZ VISION 2008,BARRIO SAN SEBASTIAN,79465220,JULIO CESAR CAGUAY GUTIERRES,JORGE ALBERTO MONROY,DIVERSIFICADO,PRIVADO,URBANA,ABIERTA,MONOLINGUE,DOBLE,FIN DE SEMANA,CHIQUIMULA,,
20-04-0105-46,,20-043,CHIQUIMULA,JOCOTAN,COLEGIO PRIVADO MIXTO POR MADUREZ VISION 2008,BARRIO SAN SEBASTIAN,79465220,JULIO CESAR CAGUAY GUTIERRES,JORGE ALBERTO MONROY,DIVERSIFICADO,PRIVADO,URBANA,ABIERTA,MONOLINGUE,MATUTINA,DIARIO(REGULAR),CHIQUIMULA,,
20-04-0110-46,,20-004,CHIQUIMULA,JOCOTAN,CENTRO EDUCATIVO JOCOTECO BILING܅,BARRIO EL CEMENTERIO,47894195,SERGIO ESTUARDO MEDINA GUDIEL,SILDY ZULEMA PELAEZ,DIVERSIFICADO,PRIVADO,URBANA,ABIERTA,MONOLINGUE,VESPERTINA,DIARIO(REGULAR),CHIQUIMULA,,
20-04-0131-46,,20-004,CHIQUIMULA,JOCOTAN,COLEGIO CENTRO CULTURAL CAMPO REAL,BARRIO SAN LORENZO,79465751,SERGIO ESTUARDO MEDINA GUDIEL,GLORIA ESTELA GUERRA GUTIɒREZ,DIVERSIFICADO,PRIVADO,URBANA,ABIERTA,MONOLINGUE,DOBLE,DIARIO(REGULAR),CHIQUIMULA,,
20-04-0132-46,,20-042,CHIQUIMULA,JOCOTAN,INSTITUTO PRIVADO MIXTO DE EDUCACIӎ BSICA CON ORIENTACIӎ OCUPACIONAL FE Y ALEGŔ NO. 10 SANTA MAŔ,BARRIO SAN SEBASTIN,79465237,FRANCISCO JAVIER GUERRA PAZOS,VIVECA ELEONORA MONROY ALVAREZ,DIVERSIFICADO,PRIVADO,URBANA,ABIERTA,MONOLINGUE,VESPERTINA,DIARIO(REGULAR),CHIQUIMULA,,
20-04-0134-46,,20-004,CHIQUIMULA,JOCOTAN,COLEGIO CENTRO CULTURAL CAMPO REAL,BARRIO SAN LORENZO,79465751,SERGIO ESTUARDO MEDINA GUDIEL,GLORIA ESTELA GUERRA GUTIɒREZ,DIVERSIFICADO,PRIVADO,URBANA,ABIERTA,MONOLINGUE,DOBLE,FIN DE SEMANA,CHIQUIMULA,,
20-04-0136-46,,20-004,CHIQUIMULA,JOCOTAN,COLEGIO PRIVADO EL OLAM,BARRIO EL CEMENTERIO,79465453,SERGIO ESTUARDO MEDINA GUDIEL,LINDAYK GICELENA CASTELLӎ NUFIO,DIVERSIFICADO,PRIVADO,URBANA,ABIERTA,MONOLINGUE,VESPERTINA,DIARIO(REGULAR),CHIQUIMULA,,
20-04-0137-46,,20-030,CHIQUIMULA,JOCOTAN,CENTRO DE EDUCACIӎ EXTRAESCOLAR -CEEX- FUNCAFE,"CASER͏ TIERRA BLANCA, ALDEA LOS VADOS",33874323,VILMA ESPERANZA LOPEZ INTERIANO,NOHEM͠ELIZABETH GARĆ GUZMN,DIVERSIFICADO,OFICIAL,RURAL,ABIERTA,MONOLINGUE,DOBLE,FIN DE SEMANA,CHIQUIMULA,,
20-04-0197-46,,20-043,CHIQUIMULA,JOCOTAN,LICEO VICENTE CARRANZA LEMUS,BARRIO SAN SEBASTIN BOULEVARD AL MAESTRO,59094455,JULIO CESAR CAGUAY GUTIERRES,IRENE LISSETH VANEGAS CASTAхDA,DIVERSIFICADO,PRIVADO,URBANA,ABIERTA,MONOLINGUE,VESPERTINA,DIARIO(REGULAR),CHIQUIMULA,,
20-04-0210-46,,20-030,CHIQUIMULA,JOCOTAN,CENTRO DE EDUCACIӎ EXTRAESCOLAR -CEEX- MUNICIPAL,ALDEA MATAZANO,33360297,VILMA ESPERANZA LOPEZ INTERIANO,LUZ AMANDA RAM͒EZ RAM͒EZ,DIVERSIFICADO,OFICIAL,RURAL,ABIERTA,MONOLINGUE,DOBLE,SEMIPRESENCIAL,CHIQUIMULA,,
20-04-0211-46,,20-030,CHIQUIMULA,JOCOTAN,CENTRO DE EDUCACIӎ EXTRAESCOLAR -CEEX- MUNICIPAL,ALDEA GUARERUCHE,47828101,VILMA ESPERANZA LOPEZ INTERIANO,MAŔ VICTORIA GERӎIMO ESCALANTE DE MɎDEZ,DIVERSIFICADO,OFICIAL,RURAL,ABIERTA,MONOLINGUE,DOBLE,SEMIPRESENCIAL,CHIQUIMULA,,
20-04-0212-46,,20-030,CHIQUIMULA,JOCOTAN,CENTRO DE EDUCACIӎ EXTRAESCOLAR -CEEX- MUNICIPAL,ALDEA TONTOLES,38542069,VILMA ESPERANZA LOPEZ INTERIANO,ANGELICA LUCIA MɎDEZ ESQUIVEL,DIVERSIFICADO,OFICIAL,RURAL,ABIERTA,MONOLINGUE,DOBLE,SEMIPRESENCIAL,CHIQUIMULA,,
20-04-0213-46,,20-030,CHIQUIMULA,JOCOTAN,"CENTRO DE EDUCACIӎ EXTRAESCOLAR, MUNICIPAL, -CEEX-","CASER͏ MAGUEYAL, ALDEA PACRɎ",45421031,VILMA ESPERANZA LOPEZ INTERIANO,WENDY D́Z PɒEZ,DIVERSIFICADO,OFICIAL,RURAL,ABIERTA,MONOLINGUE,DOBLE,SEMIPRESENCIAL,CHIQUIMULA,,
20-04-0256-46,,20-004,CHIQUIMULA,JOCOTAN,COLEGIO CENTRO CULTURAL CAMPO REAL,BARRIO SAN LORENZO,79465751,SERGIO ESTUARDO MEDINA GUDIEL,GLORIA ESTELA GUERRA GUTIɒREZ,DIVERSIFICADO,PRIVADO,URBANA,ABIERTA,MONOLINGUE,SIN JORNADA,SEMIPRESENCIAL (UN D́ A LA SEMANA),CHIQUIMULA,,
20-04-0258-46,,20-043,CHIQUIMULA,JOCOTAN,COLEGIO PRIVADO MIXTO POR MADUREZ VISION 2008,BARRIO SAN SEBASTIN,79465220,JULIO CESAR CAGUAY GUTIERRES,JORGE ALBERTO MONROY,DIVERSIFICADO,PRIVADO,URBANA,ABIERTA,MONOLINGUE,SIN JORNADA,SEMIPRESENCIAL (UN D́ A LA SEMANA),CHIQUIMULA,,
20-04-0261-46,,20-030,CHIQUIMULA,JOCOTAN,CENTRO DE EDUCACIӎ EXTRAESCOLAR -CEEX PRONEA ASORO-,BARRIO SAN SEBASTIN,56980041,VILMA ESPERANZA LOPEZ INTERIANO,PAULA KAROLINA LӐEZ RAM͒EZ,DIVERSIFICADO,OFICIAL,URBANA,ABIERTA,MONOLINGUE,MATUTINA,SEMIPRESENCIAL,CHIQUIMULA,,
20-04-2036-46,,20-042,CHIQUIMULA,JOCOTAN,"INSTITUTO TɃNICO EN RECURSOS NATURALES MAYA CH'ORTI' ""INTERNMACH""",CASER͏ TIERRA BLANCA ALDEA LOS VADOS,32135589,FRANCISCO JAVIER GUERRA PAZOS,DALIA ARLETH PɒEZ HERNNDEZ,DIVERSIFICADO,PRIVADO,RURAL,ABIERTA,MONOLINGUE,DOBLE,DIARIO(REGULAR),CHIQUIMULA,,
20-04-2267-46,,20-043,CHIQUIMULA,JOCOTAN,"ESCUELA NORMAL RURAL NO. 3 ""RAFAEL IRIARTE""",BARRIO SAN LORENZO,79465228,JULIO CESAR CAGUAY GUTIERRES,FIDELINO HUALES SڃHITE,DIVERSIFICADO,OFICIAL,URBANA,ABIERTA,BILINGUE,VESPERTINA,DIARIO(REGULAR),CHIQUIMULA,,
20-05-0087-46,,20-021,CHIQUIMULA,CAMOTAN,INSTITUTO NACIONAL DE EDUCACION DIVERSIFICADA,ALDEA MUYURCO,,CESAR RAMIREZ HERNANDEZ,---,DIVERSIFICADO,OFICIAL,URBANA,ABIERTA,MONOLINGUE,MATUTINA,DIARIO(REGULAR),CHIQUIMULA,,
20-05-0088-46,,20-017,CHIQUIMULA,CAMOTAN,INSTITUTO NACIONAL DE EDUCACION DIVERSIFICADA,BARRIO EL CEMENTERIO,,GLENDY ARACELY GARĆ PɒEZ,---,DIVERSIFICADO,OFICIAL,URBANA,ABIERTA,MONOLINGUE,VESPERTINA,DIARIO(REGULAR),CHIQUIMULA,,
20-05-0254-46,,20-017,CHIQUIMULA,CAMOTAN,COLEGIO PARROQUIAL PRIVADO NUESTRA SEяRA DE LA ANUNCIACIӎ,BARRIO LA PARROQUIA,79465019,GLENDY ARACELY GARĆ PɒEZ,NEYDA YADIRA MɎDEZ GARĆ,DIVERSIFICADO,PRIVADO,URBANA,ABIERTA,MONOLINGUE,VESPERTINA,DIARIO(REGULAR),CHIQUIMULA,,
20-05-1847-46,,20-017,CHIQUIMULA,CAMOTAN,ESCUELA NORMAL BILING܅ INTERCULTURAL/TURER AJ KANSEYAJ CH'ORTI',BARRIO EL CEMENTERIO,46254169,GLENDY ARACELY GARĆ PɒEZ,ROSANA ELIZABETH PɒEZ VSQUEZ,DIVERSIFICADO,OFICIAL,URBANA,ABIERTA,BILINGUE,MATUTINA,DIARIO(REGULAR),CHIQUIMULA,,
20-05-1863-46,,20-034,CHIQUIMULA,CAMOTAN,INSTITUTO POR COOPERATIVA DE ENSEсNZA DIVERSIFICADA,ALDEA CAPARJA,33448425,BYRON HORACIO SARCEя ZEPEDA,ROBERTO ANTONIO HERNNDEZ,DIVERSIFICADO,COOPERATIVA,RURAL,ABIERTA,MONOLINGUE,VESPERTINA,DIARIO(REGULAR),CHIQUIMULA,,
20-06-0042-46,,20-030,CHIQUIMULA,OLOPA,CENTRO DE EDUCACIӎ EXTRAESCOLAR -CEEX- FUNCAFE,ALDEA TITUQUE,47517698,VILMA ESPERANZA LOPEZ INTERIANO,ANGELA ROC͏ D́Z URRUTIA,DIVERSIFICADO,OFICIAL,RURAL,ABIERTA,MONOLINGUE,DOBLE,FIN DE SEMANA,CHIQUIMULA,,
20-06-1787-46,,20-034,CHIQUIMULA,OLOPA,INSTITUTO DIVERSIFICADO POR COOPERATIVA DE ENSEсNZA LIC. MARIO ROLANDO TORRES MARROQUIN,OLOPA,,BYRON HORACIO SARCEя ZEPEDA,ISOLINA BEDETH URRUTIA LEMUS,DIVERSIFICADO,COOPERATIVA,URBANA,ABIERTA,MONOLINGUE,VESPERTINA,DIARIO(REGULAR),CHIQUIMULA,,
20-07-0002-46,,20-035,CHIQUIMULA,ESQUIPULAS,"INSTITUTO TECNICO INDUSTRIAL ""HENRY FORD""","5A CALLE ""A"" 6-74 ZONA 1",79433773,VICTORIA NOEM͠RECINOS VIDAL DE HERNNDEZ,ROBERTO VELSQUEZ REAL,DIVERSIFICADO,PRIVADO,URBANA,ABIERTA,MONOLINGUE,DOBLE,DIARIO(REGULAR),CHIQUIMULA,,
20-07-0004-46,,20-035,CHIQUIMULA,ESQUIPULAS,"INSTITUTO TECNICO INDUSTRIAL ""HENRY FORD""","5A CALLE ""A"" 6-74 ZONA 1",79433773,VICTORIA NOEM͠RECINOS VIDAL DE HERNNDEZ,ROBERTO VELSQUEZ REAL,DIVERSIFICADO,PRIVADO,URBANA,ABIERTA,MONOLINGUE,VESPERTINA,DIARIO(REGULAR),CHIQUIMULA,,
20-07-0050-46,,20-035,CHIQUIMULA,ESQUIPULAS,INSTITUTO NACIONAL DE EDUCACION DIVERSIFICADA,"BARRIO SANTA ANA, ZONA 3",42024937,VICTORIA NOEM͠RECINOS VIDAL DE HERNNDEZ,NORA LIZANDRA VILLALOBOS VIDAL,DIVERSIFICADO,OFICIAL,URBANA,ABIERTA,MONOLINGUE,VESPERTINA,DIARIO(REGULAR),CHIQUIMULA,,
20-07-0061-46,,20-035,CHIQUIMULA,ESQUIPULAS,INSTITUTO MUNICIPAL DE EDUCACION DIVERSIFICADA DE ESQUIPULAS,2DA. AVENIDA 0-20 ZONA 1,42787205,VICTORIA NOEM͠RECINOS VIDAL DE HERNNDEZ,LESBIA DINORA SNCHEZ,DIVERSIFICADO,MUNICIPAL,URBANA,ABIERTA,MONOLINGUE,VESPERTINA,DIARIO(REGULAR),CHIQUIMULA,,
20-07-0083-46,,20-034,CHIQUIMULA,ESQUIPULAS,INSTITUTO DE EDUCACION DIVERSIFICADA POR COOPERATIVA DE ENSEсNZA,ALDEA CHANMAGUA,53046838,BYRON HORACIO SARCEя ZEPEDA,ALVARO JOEL RAM͒EZ VILLEDA,DIVERSIFICADO,COOPERATIVA,RURAL,ABIERTA,MONOLINGUE,VESPERTINA,DIARIO(REGULAR),CHIQUIMULA,,
20-07-0106-46,,20-014,CHIQUIMULA,ESQUIPULAS,LICEO DE FORMACION INTEGRAL,8A. CALLE 1-15 ZONA 1 COLONIA QUIRIO CATAя II,79433902,ERICK ESTUARDO ALVARADO GALVN,SOLEDAD DEL CARMEN LӐEZ ROSA,DIVERSIFICADO,PRIVADO,URBANA,ABIERTA,MONOLINGUE,VESPERTINA,DIARIO(REGULAR),CHIQUIMULA,,
20-07-0111-46,,20-015,CHIQUIMULA,ESQUIPULAS,"COLEGIO DE EDUCACIӎ PARA ADULTOS ""SEMILLA DE VIDA""",3A. CALLE 2-13 ZONA 2 BARRIO NUEVO,59748507,LANDELINO CRUZ GARCIA,EDY NOɠVIDES MEJ́,DIVERSIFICADO,PRIVADO,URBANA,ABIERTA,MONOLINGUE,DOBLE,FIN DE SEMANA,CHIQUIMULA,,
20-07-0114-46,,20-015,CHIQUIMULA,ESQUIPULAS,"COLEGIO DE EDUCACION PARA ADULTOS ""SEMILLA DE VIDA""",3A. CALLE 2-13 ZONA 2 BARRIO NUEVO,59748507,LANDELINO CRUZ GARCIA,EDY NOɠVIDES MEJ́,DIVERSIFICADO,PRIVADO,URBANA,ABIERTA,MONOLINGUE,DOBLE,FIN DE SEMANA,CHIQUIMULA,,
20-07-0116-46,,20-014,CHIQUIMULA,ESQUIPULAS,LICEO DE FORMACIӎ INTEGRAL,8VA. CALLE 1-15 ZONA 1 COLONIA QUIRIO CATAя II,79433902,ERICK ESTUARDO ALVARADO GALVN,CɓAR OBDULIO LZARO SڃHITE,DIVERSIFICADO,PRIVADO,URBANA,ABIERTA,MONOLINGUE,DOBLE,FIN DE SEMANA,CHIQUIMULA,,
20-07-0122-46,,20-044,CHIQUIMULA,ESQUIPULAS,"COLEGIO PRIVADO MIXTO ""MONTESSORI""","6TA. AVENIDA 6-99 ZONA 1, BARRIO SAN JOAQUIN",79431270,ERICK ESTUARDO ALVARADO GALVN,MILAGRO DE JESړ ACEVEDO DUARTE,DIVERSIFICADO,PRIVADO,URBANA,ABIERTA,MONOLINGUE,DOBLE,DIARIO(REGULAR),CHIQUIMULA,,
20-07-0127-46,,20-015,CHIQUIMULA,ESQUIPULAS,"COLEGIO DE EDUCACION PARA ADULTOS ""SEMILLA DE VIDA""",3A. CALLE 2-13 ZONA 2,32155033,LANDELINO CRUZ GARCIA,EDY NOɠVIDES MEJ́,DIVERSIFICADO,PRIVADO,URBANA,ABIERTA,MONOLINGUE,VESPERTINA,DIARIO(REGULAR),CHIQUIMULA,,
20-07-0132-46,,20-035,CHIQUIMULA,ESQUIPULAS,LICEO ESQUIPULTECO BILING܅,3A. AVENIDA 4-31 ZONA 1,41897428,VICTORIA NOEM͠RECINOS VIDAL DE HERNNDEZ,ANA MAŔ PɒEZ HERNNDEZ,DIVERSIFICADO,PRIVADO,URBANA,ABIERTA,MONOLINGUE,VESPERTINA,DIARIO(REGULAR),CHIQUIMULA,,
20-07-0141-46,,20-015,CHIQUIMULA,ESQUIPULAS,INSTITUTO RENɠALMENGOR INBECC,"6A. AVENIDA 0-11 ZONA 1, BARRIO SANTIAGUITO",79432727,LANDELINO CRUZ GARCIA,SANTOS INOCENTE RAMOS DE LEӎ,DIVERSIFICADO,PRIVADO,URBANA,ABIERTA,MONOLINGUE,INTERMEDIA,DIARIO(REGULAR),CHIQUIMULA,,
20-07-0142-46,,20-015,CHIQUIMULA,ESQUIPULAS,INSTITUTO RENɠALMENGOR INBECC,"6A. AVENIDA 0-11 ZONA 1, BARRIO SANTIAGUITO",79432727,LANDELINO CRUZ GARCIA,SANTOS INOCENTE RAMOS DE LEӎ,DIVERSIFICADO,PRIVADO,URBANA,ABIERTA,MONOLINGUE,VESPERTINA,DIARIO(REGULAR),CHIQUIMULA,,
20-07-0143-46,,20-030,CHIQUIMULA,ESQUIPULAS,CENTRO DE EDUCACIӎ EXTRAESCOLAR -CEEX- FUNCAFE,10 CALLE 6-27 BARRIO SAN SEBASTIN,30393716,VILMA ESPERANZA LOPEZ INTERIANO,CARLOS ROLANDO MONROY CHEG܉N,DIVERSIFICADO,OFICIAL,URBANA,ABIERTA,MONOLINGUE,DOBLE,FIN DE SEMANA,CHIQUIMULA,,
20-07-0145-46,,20-035,CHIQUIMULA,ESQUIPULAS,COLEGIO PRIVADO MIXTO BENDICIӎ,6A. AVENIDA 6-99 ZONA 1 BARRIO SAN JOAQU͎,42194761,VICTORIA NOEM͠RECINOS VIDAL DE HERNNDEZ,OSCAR ESCOBAR ESPINO,DIVERSIFICADO,PRIVADO,URBANA,ABIERTA,MONOLINGUE,SIN JORNADA,SEMIPRESENCIAL (UN D́ A LA SEMANA),CHIQUIMULA,,
20-07-0147-46,,20-014,CHIQUIMULA,ESQUIPULAS,LICEO DE FORMACIӎ INTEGRAL,8VA. CALLE 1-15 ZONA 1 COLONIA QUIRIO CATAя II,79433902,ERICK ESTUARDO ALVARADO GALVN,CɓAR OBDULIO LZARO SڃHITE,DIVERSIFICADO,PRIVADO,URBANA,ABIERTA,MONOLINGUE,SIN JORNADA,SEMIPRESENCIAL (UN D́ A LA SEMANA),CHIQUIMULA,,
20-07-0149-46,,20-035,CHIQUIMULA,ESQUIPULAS,"INSTITUTO TɃNICO INDUSTRIAL ""HENRY FORD""","5TA. CALLE ""A"" 6-74 ZONA 1",32021983,VICTORIA NOEM͠RECINOS VIDAL DE HERNNDEZ,ROBERTO VELSQUEZ REAL,DIVERSIFICADO,PRIVADO,URBANA,ABIERTA,MONOLINGUE,SIN JORNADA,SEMIPRESENCIAL (UN D́ A LA SEMANA),CHIQUIMULA,,
20-07-0332-46,,20-015,CHIQUIMULA,ESQUIPULAS,ESCUELA DE EDUCACIӎ DIVERSIFICADA EDIVER,6A. AV. 6-99 ZONA 1,41491485,LANDELINO CRUZ GARCIA,HɃTOR LEONEL SALGUERO MORALES,DIVERSIFICADO,PRIVADO,URBANA,ABIERTA,MONOLINGUE,VESPERTINA,DIARIO(REGULAR),CHIQUIMULA,,
20-07-0506-46,,20-044,CHIQUIMULA,ESQUIPULAS,"COLEGIO PRIVADO MIXTO ""MONTESSORI""",6A. AVENIDA 6-99 ZONA 1,79431270,ERICK ESTUARDO ALVARADO GALVN,HɃTOR LEONEL SALGUERO MORALES,DIVERSIFICADO,PRIVADO,URBANA,ABIERTA,MONOLINGUE,VESPERTINA,DIARIO(REGULAR),CHIQUIMULA,,
20-07-1909-46,,20-015,CHIQUIMULA,ESQUIPULAS,COLEGIO CATOLICO PRIVADO MIXTO 'SAN BENITO',13 CALLE 6-06 ZONA 1,79431391,LANDELINO CRUZ GARCIA,MARIO RICARDO LEIVA D́Z,DIVERSIFICADO,PRIVADO,URBANA,ABIERTA,MONOLINGUE,VESPERTINA,DIARIO(REGULAR),CHIQUIMULA,,
20-07-2098-46,,20-014,CHIQUIMULA,ESQUIPULAS,COLEGIO PRIVADO MIXTO RENACIMIENTO,5A. AV. 2-25 ZONA 1,79432012,ERICK ESTUARDO ALVARADO GALVN,LUIS ARIEL SANDOVAL ARANA,DIVERSIFICADO,PRIVADO,URBANA,ABIERTA,MONOLINGUE,DOBLE,FIN DE SEMANA,CHIQUIMULA,,
20-07-2365-46,,20-014,CHIQUIMULA,ESQUIPULAS,COLEGIO PRIVADO MIXTO RENACIMIENTO,"5A. AV, 2-25 ZONA 1 ESQUIPULAS",,ERICK ESTUARDO ALVARADO GALVN,,DIVERSIFICADO,PRIVADO,URBANA,ABIERTA,MONOLINGUE,VESPERTINA,DIARIO(REGULAR),CHIQUIMULA,,
20-08-0004-46,,20-040,CHIQUIMULA,CONCEPCION LAS MINAS,COLEGIO CRISTIANO CRISTO VIENE YA,COLONIA BETHEL ALDEA LA ERMITA,79437534,SONIA FAVIOLA FRANCO GARĆ,EVER AROLDO CORTEZ GUERRA,DIVERSIFICADO,PRIVADO,RURAL,ABIERTA,MONOLINGUE,VESPERTINA,DIARIO(REGULAR),CHIQUIMULA,,
20-08-0006-46,,20-040,CHIQUIMULA,CONCEPCION LAS MINAS,INSTITUTO NACIONAL DE EDUCACION DIVERSIFICADA,COLONIA NUEVA,30194721,SONIA FAVIOLA FRANCO GARĆ,ULISES RIVERA ACEVEDO,DIVERSIFICADO,OFICIAL,URBANA,ABIERTA,MONOLINGUE,MATUTINA,DIARIO(REGULAR),CHIQUIMULA,,
20-08-0018-46,,20-040,CHIQUIMULA,CONCEPCION LAS MINAS,COLEGIO MUNICIPAL DE EDUCACION DIVERSIFICADA,COLONIA NUEVA,79435110,SONIA FAVIOLA FRANCO GARĆ,SANDRA ERUDINA ESPINO CASTILLO,DIVERSIFICADO,MUNICIPAL,URBANA,ABIERTA,MONOLINGUE,VESPERTINA,DIARIO(REGULAR),CHIQUIMULA,,
20-08-0020-46,,20-040,CHIQUIMULA,CONCEPCION LAS MINAS,INSTITUTO NACIONAL DE EDUCACIӎ DIVERSIFICADA,COLONIA NUEVA,30194721,SONIA FAVIOLA FRANCO GARĆ,ULISES RIVERA ACEVEDO,DIVERSIFICADO,OFICIAL,URBANA,ABIERTA,MONOLINGUE,DOBLE,DIARIO(REGULAR),CHIQUIMULA,,
20-08-0025-46,,20-040,CHIQUIMULA,CONCEPCION LAS MINAS,COLEGIO CRISTIANO CRISTO VIENE YA,"COLONIA BETHEL, ALDEA LA ERMITA",79437534,SONIA FAVIOLA FRANCO GARĆ,EVER AROLDO CORTEZ GUERRA,DIVERSIFICADO,PRIVADO,RURAL,ABIERTA,MONOLINGUE,SIN JORNADA,SEMIPRESENCIAL (UN D́ A LA SEMANA),CHIQUIMULA,,
20-09-0037-46,,20-037,CHIQUIMULA,QUEZALTEPEQUE,COMPLEJO EDUCATIVO INTERCULTURAL,"COLONIA SANTA FILOMENA, ZONA 2",33721515,MIRNA MARLENY JUAREZ PEREZ,ORFA RECINOS RIVERA,DIVERSIFICADO,PRIVADO,URBANA,ABIERTA,MONOLINGUE,MATUTINA,DIARIO(REGULAR),CHIQUIMULA,,
20-09-0043-46,,20-037,CHIQUIMULA,QUEZALTEPEQUE,COMPLEJO EDUCATIVO INTERCULTURAL,COLONIA SANTA FILOMENA ZONA 2,79440254,MIRNA MARLENY JUAREZ PEREZ,MARIA ESTHER MARCOS LOPEZ,DIVERSIFICADO,PRIVADO,URBANA,ABIERTA,MONOLINGUE,VESPERTINA,DIARIO(REGULAR),CHIQUIMULA,,
20-09-0044-46,,20-038,CHIQUIMULA,QUEZALTEPEQUE,"COLEGIO CATOLICO PRIVADO MIXTO ""SAN FRANCISCO DE ASIS""","COLONIA SANTA FILOMENA, ZONA 2",52075093,RICARDO URIEL SAMAYOA TRIGUEROS,JUAN LUIS MIGUEL AGOSTO,DIVERSIFICADO,PRIVADO,URBANA,ABIERTA,MONOLINGUE,VESPERTINA,DIARIO(REGULAR),CHIQUIMULA,,
20-09-0045-46,,20-038,CHIQUIMULA,QUEZALTEPEQUE,LICEO TECNICO QUEZALTEPEQUE,9. CALLEJON 1-72 ZONA 1,55101858,RICARDO URIEL SAMAYOA TRIGUEROS,ELOINA MARGOTH SANDOVAL VILLAFUERTE,DIVERSIFICADO,PRIVADO,URBANA,ABIERTA,MONOLINGUE,MATUTINA,DIARIO(REGULAR),CHIQUIMULA,,
20-09-0056-46,,20-037,CHIQUIMULA,QUEZALTEPEQUE,COMPLEJO EDUCATIVO INTERCULTURAL,"COLONIA SANTA FILOMENA, ZONA 2",33721515,MIRNA MARLENY JUAREZ PEREZ,ORFA RECINOS RIVERA,DIVERSIFICADO,PRIVADO,URBANA,ABIERTA,MONOLINGUE,DOBLE,DIARIO(REGULAR),CHIQUIMULA,,
20-09-0060-46,,20-037,CHIQUIMULA,QUEZALTEPEQUE,INSTITUTO PRIVADO MIXTO NOCTURNO DE CIENCIAS COMERCIALES,"COLONIA SANTA FILOMENA, ZONA 2",33721515,MIRNA MARLENY JUAREZ PEREZ,OLGA ELENA CASTAхDA MOLINA,DIVERSIFICADO,PRIVADO,URBANA,ABIERTA,MONOLINGUE,DOBLE,FIN DE SEMANA,CHIQUIMULA,,
20-09-0063-46,,20-038,CHIQUIMULA,QUEZALTEPEQUE,LICEO TɃNICO QUEZALTEPEQUE,9NO. CALLEJӎ 1-72 ZONA 1,55101858,RICARDO URIEL SAMAYOA TRIGUEROS,ELOINA MARGOTH SANDOVAL VILLAFUERTE,DIVERSIFICADO,PRIVADO,URBANA,ABIERTA,MONOLINGUE,DOBLE,FIN DE SEMANA,CHIQUIMULA,,
20-09-0064-46,,20-038,CHIQUIMULA,QUEZALTEPEQUE,COLEGIO ADVENTISTA REDENCIӎ,14 CALLEJӎ 3-11 ZONA 2 COLONIA VILLA LORENA,47005938,RICARDO URIEL SAMAYOA TRIGUEROS,BLANCA EDINA PɒEZ FELIPE,DIVERSIFICADO,PRIVADO,URBANA,ABIERTA,MONOLINGUE,MATUTINA,DIARIO(REGULAR),CHIQUIMULA,,
20-09-0069-46,,20-030,CHIQUIMULA,QUEZALTEPEQUE,CENTRO DE EDUCACIӎ EXTRAESCOLAR -CEEX- FUNCAFE,1ERA. CALLE 4-59 ZONA 1,33086541,VILMA ESPERANZA LOPEZ INTERIANO,SINDY YAMAL͠VSQUEZ PASCUAL,DIVERSIFICADO,OFICIAL,URBANA,ABIERTA,MONOLINGUE,DOBLE,FIN DE SEMANA,CHIQUIMULA,,
20-09-0071-46,,20-038,CHIQUIMULA,QUEZALTEPEQUE,LICEO TɃNICO QUEZALTEPEQUE,9. CALLEJON 1-72 ZONA 1,55101858,RICARDO URIEL SAMAYOA TRIGUEROS,ELOINA MARGOTH SANDOVAL VILLAFUERTE,DIVERSIFICADO,PRIVADO,URBANA,ABIERTA,MONOLINGUE,SIN JORNADA,SEMIPRESENCIAL (UN D́ A LA SEMANA),CHIQUIMULA,,
20-09-0073-46,,20-037,CHIQUIMULA,QUEZALTEPEQUE,INSTITUTO PRIVADO MIXTO NOCTURNO DE CIENCIAS COMERCIALES,"COLONIA SANTA FILOMENA, ZONA 2",33721515,MIRNA MARLENY JUAREZ PEREZ,OLGA ELENA CASTAхDA MOLINA,DIVERSIFICADO,PRIVADO,URBANA,ABIERTA,MONOLINGUE,SIN JORNADA,SEMIPRESENCIAL (UN D́ A LA SEMANA),CHIQUIMULA,,
20-09-0408-46,,20-037,CHIQUIMULA,QUEZALTEPEQUE,INSTITUTO PRIVADO MIXTO NOCTURNO DE CIENCIAS COMERCIALES,COLONIA SANTA FILOMENA,79440254,MIRNA MARLENY JUAREZ PEREZ,REINALDO JOɌ MARROQU͎ TORRES,DIVERSIFICADO,PRIVADO,URBANA,ABIERTA,MONOLINGUE,NOCTURNA,DIARIO(REGULAR),CHIQUIMULA,,
20-09-1525-46,,20-038,CHIQUIMULA,QUEZALTEPEQUE,LICEO TECNICO QUEZALTEPEQUE,9NO. CALLEJON 1-72 ZONA 1,55101858,RICARDO URIEL SAMAYOA TRIGUEROS,ELOINA MARGOTH SANDOVAL VILLAFUERTE,DIVERSIFICADO,PRIVADO,URBANA,ABIERTA,MONOLINGUE,VESPERTINA,DIARIO(REGULAR),CHIQUIMULA,,
20-09-1793-46,,20-037,CHIQUIMULA,QUEZALTEPEQUE,ESCUELA NORMAL DE EDUCACIӎ F͓ICA DOCTOR EN CIENCIAS POL͔ICAS Y SOCIALES MARIO ROLANDO TORRES MARROQU͎,KILOMETRO 197 CARRETERA A ESQUIPULAS COLONIA LOS PINOS,46430310,MIRNA MARLENY JUAREZ PEREZ,LUIS EDUARDO FRANCISCO ELGUETA ANDRINO,DIVERSIFICADO,OFICIAL,URBANA,ABIERTA,MONOLINGUE,DOBLE,DIARIO(REGULAR),CHIQUIMULA,,
20-09-1794-46,,20-037,CHIQUIMULA,QUEZALTEPEQUE,INSTITUTO DE BACHILLERATO EN COMPUTACION,3A. AV. 1-68 ZONA 1,51578198,MIRNA MARLENY JUAREZ PEREZ,WILLIAM EDUARDO MORALES GONZLEZ,DIVERSIFICADO,OFICIAL,URBANA,ABIERTA,MONOLINGUE,VESPERTINA,DIARIO(REGULAR),CHIQUIMULA,,
20-09-2271-46,,20-037,CHIQUIMULA,QUEZALTEPEQUE,INSTITUTO PRIVADO MIXTO NOCTURNO DE CIENCIAS COMERCIALES,"COLONIA SANTA FILOMENA, ZONA 2",33721515,MIRNA MARLENY JUAREZ PEREZ,OLGA ELENA CASTAхDA MOLINA,DIVERSIFICADO,PRIVADO,URBANA,ABIERTA,MONOLINGUE,VESPERTINA,DIARIO(REGULAR),CHIQUIMULA,,
20-10-0013-46,,20-011,CHIQUIMULA,SAN JACINTO,INSTITUTO NACIONAL DE EDUCACION DIVERSIFICADA,BARRIO EL CENTRO SAN JACINTO,,OSWALDO RAFAEL SALINAS BRENES,NOLVIA DANILDA MɎDEZ RAM͒EZ,DIVERSIFICADO,OFICIAL,URBANA,ABIERTA,MONOLINGUE,VESPERTINA,DIARIO(REGULAR),CHIQUIMULA,,
20-10-0020-46,,20-030,CHIQUIMULA,SAN JACINTO,CENTRO DE EDUCACIӎ EXTRAESCOLAR -CEEX- FUNCAFE,ALDEA TIZUB͎,55372091,VILMA ESPERANZA LOPEZ INTERIANO,DINA RAM͒EZ MARCOS,DIVERSIFICADO,OFICIAL,RURAL,ABIERTA,MONOLINGUE,DOBLE,FIN DE SEMANA,CHIQUIMULA,,
20-11-0001-46,,20-018,CHIQUIMULA,IPALA,"INSTITUTO TECNICO INDUSTRIAL ""ALBERT EINSTEIN""",1A. DIAGONAL 2-44 ZONA 1,41585052,NILDA MARITZA ARROYO RODRIGUEZ,ELSY MARINA RAM͒EZ RAM͒EZ,DIVERSIFICADO,PRIVADO,URBANA,ABIERTA,MONOLINGUE,DOBLE,DIARIO(REGULAR),CHIQUIMULA,,
20-11-0009-46,,20-018,CHIQUIMULA,IPALA,COLEGIO PRIVADO DE BACHILLERATO POR MADUREZ EMMANUEL,RUTA NACIONAL 1-23 ZONA 1,46310501,NILDA MARITZA ARROYO RODRIGUEZ,CELMA YOLANDA MORALES SALGUERO,DIVERSIFICADO,PRIVADO,URBANA,ABIERTA,MONOLINGUE,DOBLE,FIN DE SEMANA,CHIQUIMULA,,
20-11-0012-46,,20-041,CHIQUIMULA,IPALA,INSTITUTO NACIONAL DE EDUCACION DIVERSIFICADA,ALDEA EL SUYATE,31049608,JUAN DE DIOS MONROY RAMIREZ,GILMER LEONARD VILLAFUERTE LOPEZ,DIVERSIFICADO,OFICIAL,RURAL,ABIERTA,MONOLINGUE,VESPERTINA,DIARIO(REGULAR),CHIQUIMULA,,
20-11-0029-46,,20-041,CHIQUIMULA,IPALA,"COLEGIO PARTICULAR MIXTO ""PROYECCION""",1 AVENIDA 1-35 ZONA 5,79428303,JUAN DE DIOS MONROY RAMIREZ,AURA GUILLERMINA PɒEZ,DIVERSIFICADO,PRIVADO,URBANA,ABIERTA,MONOLINGUE,DOBLE,DIARIO(REGULAR),CHIQUIMULA,,
20-11-0030-46,,20-039,CHIQUIMULA,IPALA,COLEGIO PARTICULAR MIXTO PROYECCIӎ,1A. AVENIDA 1-35 ZONA 5,79428303,EDGAR ANIBAL MENENDEZ VELASQUEZ,AURA GUILLERMINA PɒEZ DE GLVAN,DIVERSIFICADO,PRIVADO,URBANA,ABIERTA,MONOLINGUE,MATUTINA,DIARIO(REGULAR),CHIQUIMULA,,
20-11-0042-46,,20-018,CHIQUIMULA,IPALA,COLEGIO ADVENTISTA EL SINAͼ/td>,1A. DIAGONAL 2-32 ZONA 1,32225632,NILDA MARITZA ARROYO RODRIGUEZ,SANDRA YANET VSQUEZ,DIVERSIFICADO,PRIVADO,URBANA,ABIERTA,MONOLINGUE,MATUTINA,DIARIO(REGULAR),CHIQUIMULA,,
20-11-0044-46,,20-041,CHIQUIMULA,IPALA,COLEGIO PARTICULAR MIXTO CATӌICO NUESTRA SEяRA DE LA ESPERANZA,1A. AVENIDA 3-99 ZONA 2 SECTOR BARRIO LA REFORMA,50484070,JUAN DE DIOS MONROY RAMIREZ,SUSETTE DOLORES LAM PɒEZ,DIVERSIFICADO,PRIVADO,URBANA,ABIERTA,MONOLINGUE,DOBLE,DIARIO(REGULAR),CHIQUIMULA,,
20-11-0049-46,,20-041,CHIQUIMULA,IPALA,LICEO IPALTECO EN COMPUTACIӎ,1A. CALLE 2-78 ZONA 4,79428484,JUAN DE DIOS MONROY RAMIREZ,LUCINDA DEL CARMEN BERGANZA ACEVEDO,DIVERSIFICADO,PRIVADO,URBANA,ABIERTA,MONOLINGUE,MATUTINA,DIARIO(REGULAR),CHIQUIMULA,,
20-11-0050-46,,20-041,CHIQUIMULA,IPALA,LICEO IPALTECO EN COMPUTACIӎ,1A. CALLE 2-78 ZONA 4,79428484,JUAN DE DIOS MONROY RAMIREZ,LUCINDA DEL CARMEN BERGANZA ACEVEDO,DIVERSIFICADO,PRIVADO,URBANA,ABIERTA,MONOLINGUE,VESPERTINA,DIARIO(REGULAR),CHIQUIMULA,,
20-11-0053-46,,20-018,CHIQUIMULA,IPALA,COLEGIO PRIVADO DE BACHILLERATO POR MADUREZ EMMANUEL,RUTA NACIONAL 1-23 ZONA 1,46310501,NILDA MARITZA ARROYO RODRIGUEZ,CELMA YOLANDA MORALES SALGUERO,DIVERSIFICADO,PRIVADO,URBANA,ABIERTA,MONOLINGUE,SIN JORNADA,SEMIPRESENCIAL (UN D́ A LA SEMANA),CHIQUIMULA,,
20-11-0055-46,,20-018,CHIQUIMULA,IPALA,"INSTITUTO TɃNICO INDUSTRIAL ""ALBERT EINSTEIN""",1A. DIAGONAL 2-44 ZONA 1,41585052,NILDA MARITZA ARROYO RODRIGUEZ,RUDY YOVANI ARROYO RODR͇UEZ,DIVERSIFICADO,PRIVADO,URBANA,ABIERTA,MONOLINGUE,VESPERTINA,DIARIO(REGULAR),CHIQUIMULA,,
20-11-0072-46,,20-034,CHIQUIMULA,IPALA,INSTITUTO DE EDUCACION DIVERSIFICADA POR COOPERATIVA DE ENSEсNZA,"1A. CALLE ""A"" 4-98 ZONA 1",36302107,BYRON HORACIO SARCEя ZEPEDA,JACINTA ESTELA FOLGAR SANDOVAL,DIVERSIFICADO,COOPERATIVA,URBANA,ABIERTA,MONOLINGUE,DOBLE,DIARIO(REGULAR),CHIQUIMULA,,
20-11-0464-46,,20-041,CHIQUIMULA,IPALA,"COLEGIO PARTICULAR MIXTO ""PROYECCION""",1 AVENIDA 1-35 ZONA 5,79428303,JUAN DE DIOS MONROY RAMIREZ,AURA GUILLERMINA PɒEZ,DIVERSIFICADO,PRIVADO,URBANA,ABIERTA,MONOLINGUE,VESPERTINA,DIARIO(REGULAR),CHIQUIMULA,,
20-11-1518-46,,20-034,CHIQUIMULA,IPALA,INSTITUTO DE EDUCACION DIVERSIFICADA POR COOPERATIVA DE ENSEсNZA,"1A. CALLE ""A"" 4-98 ZONA 1",36302107,BYRON HORACIO SARCEя ZEPEDA,JACINTA ESTELA FOLGAR SANDOVAL,DIVERSIFICADO,COOPERATIVA,URBANA,ABIERTA,MONOLINGUE,VESPERTINA,DIARIO(REGULAR),CHIQUIMULA,,
20-11-1554-46,,20-041,CHIQUIMULA,IPALA,COLEGIO PARTICULAR MIXTO CATӌICO NUESTRA SEяRA DE LA ESPERANZA,"1A. AVENIDA 3-99 ZONA 2, SECTOR BARRIO LA REFORMA",58981789,JUAN DE DIOS MONROY RAMIREZ,SUSETTE DOLORES LAM PɒEZ,DIVERSIFICADO,PRIVADO,URBANA,ABIERTA,MONOLINGUE,VESPERTINA,DIARIO(REGULAR),CHIQUIMULA,,
,,,,,,,,,,,,,,,,,,,
,,,,,,,,,,,,,,,,,,,
136 Establecimientos encontrados ,,,,,,,,,,,,,,,,,,,
,,,,,,,,,,,,,,,,,,,
"Ministerio de Educaci󮬠Copyright © 2,012 ",,,,,,,,,,,,,,,,,,,Aviso Legal | T鲭inos y Condiciones | Contacto